symbol,shares_traded
BTC,73344338517.2908
ETH,31703827485.926083
BNB,5721563533.045207
XRP,19296491442.18648
USDT,206914803967.15582
ADA,4776317724.59456
DOT,3878099623.661455
DOGE,44227796511.358574
LTC,13288005193.686512
BCH,14192774160.671629
UNI,798021486.5228136
LINK,2667023891.530511
VET,6964560731.963365
XLM,2098710670.2594328
THETA,1305224822.8256507
FIL,3246964173.3884935
TRX,9544087706.261755
USDC,2281072280.2998567
WBTC,137414623.7109326
EOS,6437495862.783743
BSV,4629651112.994143
SOL,219806168.06705582
BTT,4954387038.687792
MIOTA,543183873.0310493
NEO,3683870076.8325653
KLAY,112070878.15495051
XMR,809333518.323294
CRO,213493686.17901492
LUNA,293109652.54752034
XTZ,831005085.3464162
ATOM,915311795.7106365
AAVE,444956776.900761
BUSD,8679524995.150045
FTT,128508029.78421795
ETC,12234073263.838503
AVAX,407575590.9022204
ALGO,383738183.27211356
XEM,804543768.1639217
KSM,294906507.257638
DASH,2720500986.6166005
EGLD,163430581.0786241
CAKE,498990157.6768748
HT,570009675.3356164
DAI,349223320.8082962
RUNE,176678750.8044809
HOT,1014334741.8397522
MKR,373337578.3393556
CHZ,4021780202.179677
BTCB,87985021.71790938
ZEC,1451640266.786339
DCR,69013185.83334188
COMP,377216269.13147664
HBAR,457632442.68388706
ZIL,572052903.5149373
ENJ,418415469.0310364
GRT,334739023.64466804
STX,44221688.96324709
SNX,159574059.00732607
SC,2984948616.12988
MANA,718436191.6741098
LEO,3776262.38213656
BAT,615246277.5432143
MATIC,286037644.57983464
DGB,824874642.884932
NEAR,93951341.97642103
NEXO,13950139.26816954
SUSHI,394421414.9858111
BTG,82992423.2000186
TFUEL,131896733.82834455
RVN,466603668.74542904
ONT,1322163792.4307323
YFI,525324568.0791493
UST,46915605.76411041
QTUM,1459900460.8041415
UMA,83430001.02059084
WAVES,150922334.07103324
ZRX,221616629.0947289
ICX,237251030.52613762
CEL,16482138.31745278
RSR,301857388.70422804
IOST,1288740699.1587012
NANO,1943466463.8917208
ZEN,258658806.838304
BNT,125365356.56810589
OMG,828306239.1130171
ONE,227247408.25833118
FTM,295180879.4649755
ANKR,647807008.9142275
DENT,334623723.6741291
FLOW,53447449.59569436
HNT,17243324.55936385
REN,336126924.3624433
OKB,526274475.6877698
REV,4876633.94074552
CHSB,5176085.0915963
XVG,480896133.492781
CRV,533717663.4664669
NPXS,178335863.26032495
KCS,135089918.9809291
VGX,12961572.79062483
BTMX,6574940.90768215
WRX,151744329.3798509
1INCH,162346835.6155449
CELO,19240052.40948715
PAX,99346609.13642442
CFX,16434803.66669872
SNT,70148016.14498597
LSK,69690040.12998731
AR,14678816.88544689
VTHO,427621258.33128494
BTCST,92515265.49256074
LRC,87559881.44724903
CKB,75433119.806835
XVS,93022284.78017215
RENBTC,3684180.46643582
OCEAN,55361829.12886592
KNC,112346974.85046628
LPT,85483828.86882733
HUSD,1162246558.0574114
STORJ,208245789.30471483
MDX,312592947.11147135
OGN,146503807.89560753
EWT,13091981.51768822
MCO,33618861.18576325
ZKS,52264362.5461433
BCD,29874515.41967652
REP,54526662.41567606
WIN,906926258.6348877
STMX,112969757.7143979
GLM,9617742.75211293
MAID,2267627.78939182
REEF,187175984.98142347
DODO,75384005.52549158
QNT,9534155.46540176
FET,54008478.4594594
SKL,132018995.79869978
IOTX,62607431.09581534
NKN,150327007.02272877
SAND,104511710.95754349
STEEM,12815521.75764679
BTS,134926349.77833325
FUN,26830536.76478145
BAL,116496286.26684986
ARDR,14152875.15607317
CVC,64943825.22357331
TEL,20431908.41802987
ALPHA,132530499.50439882
KMD,15614976.77722554
KIN,4863423.69394089
BADGER,35611479.00456401
BAND,319241329.0052015
ANT,73753729.75858194
SXP,527558104.01517904
AGI,7021014.32914445
NMR,35671493.50427839
JST,429287549.5122506
CELR,90401333.43399721
KAVA,65730188.72271976
VLX,13150358.64710371
ORBS,555835.44380928
WAN,24253584.94514569
BTM,312641438.65293473
WAXP,6709036.61421286
SWAP,7273958.39222261
MED,530223.17509113
STRAX,21224663.78340271
XHV,5048475.11249267
SRM,173225002.9295558
WOO,42198318.55567953
PPT,13537921.8401752
TUSD,173628498.07883358
UBT,3173501.61675143
CVT,7935031.51489064
OXT,77499868.96789208
ARK,8961524.57559883
UTK,42925902.86696063
AVA,9832309.84675159
ROSE,26679717.90004126
SCRT,3441549.02025003
GNO,1684004.7143412
IQ,22499922.8886489
ZB,36374893.03911711
MTL,40997264.29104906
GT,17893698.29981921
ELF,52997021.20962168
AMPL,11340073.36743891
SYS,6044187.00456152
RIF,5541926.18588888
POLY,4265954.14216935
MONA,153014434.9368329
TOMO,29753202.0246291
QKC,17902953.50719133
HNS,1018422.30517801
UQC,28592421.43460397
TRAC,2264160.62555186
META,292232.42417768
COTI,67179932.54815237
POLS,29500419.47124822
SUN,253894077.03644204
NU,24621572.22478832
CTC,17650866.92296506
WBNB,1194019404.24827
HEX,9425254.11893792
CCXX,4430327.51871215
BRG,63955959.51448831
HBTC,298992116.7492342
FEI,21645637.19274729
DFI,4500059.86715197
XDC,15761367.67712677
OMI,23851250.98500413
XWC,11261176.69017026
INO,284681.8048329
BEST,593350.89576063
PUNDIX,72377006.69362205
ORC,8826313.62166435
TTT,1813483.44093592
THR,0
vBNB,0
BCHA,26854527.09446523
RARI,4723418.52559956
NXM,16105.25668976
TSHP,340.40437094
HEDG,93084.63835529
ARRR,7670953.66381647
STETH,5243.0351864
KSP,38696007.69130214
AMP,22761897.34696436
ETN,6931538.87481697
MVL,6282.21508519
LINA,47494693.45742492
MIR,30341372.83867938
XIN,150189.00326261
LOTTO,1688867.80526039
SOLO,2840598.23585882
ZLW,251311.91813287
vXVS,0
KEEP,6617073.05033989
ORN,32289792.75294669
SFP,49572546.41140897
HTR,6960351.92322891
AXS,69331695.77013487
TRIBE,9289026.92096431
RFOX,3079599.62066419
EAURIC,8317638.02829698
AKT,1854515.00708179
TROY,147314973.7649671
RAY,14439447.46317758
KLV,7262627.54137544
BAKE,29968590.46878406
ANC,6436410.31892285
AUDIO,27681947.70249586
KAI,7261950.85638158
MATH,910321.22439606
PAID,14515020.02458167
REV,1325783.3428887
SUPER,15868971.12252468
vBTC,0
GNY,926773.95993181
USDN,19049992.71981613
CRU,11255218.70271838
HIVE,27728490.16764908
NOIA,2662037.18673886
LIT,46051445.47020689
RLC,30083565.83503264
POWR,9388023.01202654
HNC,455133.50500578
DAWN,927429.17566641
INJ,36897286.50327228
IRIS,20154490.25066881
RNDR,9715750.22551491
FREE,12023838.28989623
RGT,6980103.90676424
TKO,60676158.97754613
AION,23010988.85071414
RDD,4567428.10982335
PRQ,3861010.75228369
ALICE,32075659.82239752
DNT,48800536.44927275
MFT,17755086.35497423
BORA,25071.01523034
ELA,10003463.85996466
ATRI,1046772.944438
MARO,20664.72965027
RAMP,23271950.10004328
DIA,51928821.79916791
TWT,20573614.77855995
LTO,18748505.68058269
VAI,14141795.21166516
CRE,4233603.44432027
CTSI,22617759.71225209
DKA,2237893.74732847
ATT,1103094.32696861
AKRO,75258835.66538288
LYXe,3999443.99729635
LOOM,14443920.39247958
VRA,62053993.07729334
BZRX,57601288.65604776
CSC,1971406.25153099
PAI,83236011.51892506
GAS,117728205.2416869
RPL,4090799.10432325
EDG,1686996.73368925
BCN,701437.94050178
ERN,14815236.94004254
GALA,464082.29349673
FIRO,37138929.07462439
SHR,2286142.86376838
DATA,15170075.8272865
REQ,4271290.61805499
XCM,262223.06397911
PAC,564522.6294074
CHR,234542236.69894958
EPS,28962611.81077754
MASK,36413949.87744826
DDX,302101.19155557
MLN,4418280.45371574
BNK,133385.03251493
EUM,220459.04285918
PERP,11565356.58541643
SFI,3337706.64423652
SPI,5428907.5252965
FARM,4646211.81490183
XOR,7919150.99864977
HOGE,14044417.07530874
PHA,53924450.63812252
BOTX,195224.835
BIFI,8455917.41005932
FLM,90559869.58719884
WOZX,13500312.33197524
APL,22010464.82052825
LON,32331330.61506799
WTC,40034103.71812417
ADX,4043734.3800851
BNANA,594762.98512255
BLZ,44056401.79730762
MLK,50653.93132851
UOS,2870182.65304659
POND,32978682.08141382
NRG,7106897.50258438
LA,78331.0771366
MWC,165608.61195452
TT,13275963.52021927
BEL,30911387.00810581
OXY,2611569.74833711
HXRO,3276410.31417236
AMO,0
AE,96521269.30108936
STRK,407567.00473905
SUSD,7284138.52315489
KDA,2101908.56355547
NULS,122140508.39585136
NYE,701434.11854953
SAPP,185754.44162174
BSCPAD,20490621.11393804
LAMB,32529931.13548775
BEAM,37135770.62529334
DAO,7815144.13022118
SURE,831120.96593772
BLCT,174749.06722673
TRB,123582690.7887127
DIVI,303278.87532778
NRV,10120884.62782707
RLY,1456702.90465832
STAKE,2564075.49648161
MITH,138766752.61520523
DUSK,18701219.2501264
ALBT,4156828.15420108
ID,4494980.5119692
PIVX,2912701.24510845
SPND,30789.30552919
PHB,19735811.4106795
DX,434329.66628365
DEGO,28209601.81460439
WHALE,574959.959268
COS,35944081.06355278
MBL,27825572.08324287
PIB,0
HARD,14668240.59422484
NWC,8194259.73770837
WICC,196065590.39399514
HC,153081526.90178704
TVK,15641240.68738279
GUSD,13958457.39470923
VSYS,10976124.29976334
ERG,1301286.96627566
OM,19790356.4511622
RAD,2514584.47428399
ABBC,39664400.77307933
GRN,35031.95523381
MHC,4017446.83879456
LBC,122847.93848165
YFII,145437211.64092913
GRS,7353633.1268882
BOND,3035986.36284573
ARPA,24823429.64695318
API3,28661817.32091026
FRM,2315147.75898633
FRAX,3009302.78595704
WNXM,47883141.55119257
CENNZ,7018861.19806664
BAR,7136671.64276536
EMC2,190561.56681521
SOLVE,1433603.01096221
CTK,9270326.74774995
DRS,1105631.54531037
CTXC,40011635.19182774
ZNN,1148294.84765884
MX,156728292.71422768
RFR,80985.97401241
EXRD,1439004.85870601
IGNIS,913871.69737417
VID,2183333.52935926
DSLA,2051824.1701438
MXC,17426201.60755173
VSP,5435342.59799902
SERO,6131529.54941421
BOA,598751.48165377
FRONT,31589132.63104063
PAXG,10079230.2360527
NXS,1980515.82591053
UNFI,20658361.39799443
NEST,18928658.61813542
DRGN,1457645.13789774
TITAN,12247285.88778629
SRK,5540630.87947198
FX,1501972.68690408
BELT,16283307.65374819
PCX,1659149.37700347
CREAM,7056644.63126999
MASS,4703827.45987466
AUCTION,6391106.36730909
PERL,17902872.02043226
PNK,6666995.6344336
HUM,73420.75273825
XNC,76605.16020892
OXEN,399070.35916991
HEGIC,4116463.71573706
vETH,0
VITE,32324811.87165817
KEY,18153212.29951599
MBN,168772.44381244
NIM,2906340.61975697
vUSDC,0
LOC,170880.90188881
RING,3464172.75448806
HPT,14887688.56736137
FIO,16800601.92113682
SPARTA,20291562.84358465
DAC,19385283.19298536
NAS,37675081.30474163
BFC,993202.98806723
AERGO,3198871.47665582
CND,1726770.65137473
SNL,726688.25167892
CVP,10176824.6994416
MRPH,1572070.07201653
IDEX,5997075.41294845
SWTH,1057294.6368748
REVV,4973686.74426034
QQQ,259052.00149446
SUTER,8118225.71075374
DG,385079.03182984
DAG,1787605.27330104
MAPS,1187054.74591619
EDR,1380993.4832877
DCN,1037695.72096706
FSN,2758500.54500876
SUKU,405909.34973053
NXT,2433439.71475445
WING,13513714.03104053
GXC,18543890.98723196
DOCK,17878841.98721539
KYL,3665790.31111929
SLT,757407.53009211
ONOT,53.89501042
STPT,5978314.61987971
GTO,38795214.78469278
YOUC,3788.22556155
BAAS,0
XYO,1412928.50621549
DREP,12990325.28866602
UPP,43250.21472831
ESD,208077.771024
AXEL,100215.83702392
BURGER,431690544.745789
FXF,2122745.08236673
HELMET,5210714.61480203
GRIN,16717406.00306934
OBSR,0
VRSC,55056.99915843
XPR,595653.38552141
BIP,276237.95739422
ZCN,591222.70383602
RCN,2129741.35635333
QSP,2563012.76277472
NEBL,2949766.82014862
DEXE,8065810.88646698
PROM,8055321.02918173
SKY,4112604.76354459
RBTC,1400837.12013129
SNTVT,672587.83792168
AST,4582621.3813546
MEME,14099555.33231718
ASTA,1084.83893789
MOC,0
FXS,5518907.06400627
EASY,12429524.70911152
KIMCHI,362853.21343975
DDIM,2433743.5789006
QC,1593872472.6016555
GET,1514593.24018604
HAI,1939095.05367951
DMT,65253.61901963
VISR,9662304.13681449
DOV,6228279.11032933
NFTX,2665957.81038399
DEXT,950902.38731228
SWINGBY,2995360.58339038
aEth,22603.1586703
TORN,6632611.70015741
GO,5732260.01971463
GBYTE,1180454.54447397
MTA,5596344.11035817
WABI,6815687.3537272
PNT,19702574.05949257
QTCON,0
ULT,314819.40710803
SBD,41564.85220314
TMTG,482060.36293216
KAN,5230146.55065447
AOA,4748831.08456792
YLD,1733714.48176132
BDX,6259.22866369
CONV,4246196.15214426
ZEE,15409039.52519831
BOR,4605327.85080888
AIOZ,4987696.46919301
MPH,2176702.68748519
JULD,5936661.00663583
CORE,146919.62123853
BMI,2800319.01649297
CFi,2897416.92206318
VIDY,12172178.72754788
RDN,2811510.39068753
TRU,4541153.82963932
XRT,1945701.28703699
SOUL,652027.64445825
EL,787743.58555439
FIDA,1127571.41857275
BASID,1904527.81309242
LAYER,2325348.34275385
OCTO,1764260.80434958
XDB,1214538.77986871
GVT,4454751.15456212
EURS,407329.47718057
MDT,23251102.98520321
DMCH,79135.37463701
PRO,605327.14876192
VIDT,4195923.35188272
TRTL,5435810.3831866
PXL,3241.08986502
BTU,15825.85983384
BTR,14949907.4649962
KRT,71295.71843843
APPC,4068948.01738842
ANY,586653.05001955
vBUSD,0
NAV,1962520.61672646
BDP,9365315.17492937
CAS,550442.67080512
XSN,231011.08630475
INSUR,3567449.22146998
ZEON,2492790.4072459
BFT,267536.79108963
SOC,20642879.47420209
AUTO,11250219.8297805
COCOS,3697017.49495441
MITX,4983843.49501525
BLANK,4020185.77393173
DVPN,647351.61258724
AQT,56125.3102531
DBC,2553117.93321688
SALT,571685.77671426
FOR,30800496.24992183
MAP,354923.60665018
ZAP,2421354.1359525
KP3R,5267830.84469579
NEX,394442.85506336
VTC,1276958.63989271
TLM,91457649.58248356
BZ,410109.46263365
DF,3138474.036957
DORA,34038382.45889485
DAD,4110643.24034449
BONDLY,5460186.64088214
HUNT,29684.42038472
NCASH,2774685.52224543
XCUR,7994664.14687687
BAO,7528300.33120285
WXT,3822683.27970377
USDX,1594351.83951893
MATTER,5010967.81618582
CET,6523226.11813223
EVZ,121717.29856326
GHST,21832005.89406272
QASH,608675.03416831
DPR,6455658.31564199
DGD,362506.02085136
DIP,1007838.13145542
VERI,61821.07994592
PEAK,99444.27428662
TCT,16569565.34995449
APY,2169554.63311067
LCX,1716682.95586488
BAX,2253285.60333601
ALEPH,1300272.31599851
RUFF,5560786.45996322
RBC,3297245.1088318
CUSD,756983.74585093
TEMCO,0
STAX,146576.09571955
BOT,0
CLO,289194.67617477
POOLZ,12830869.98141993
GAME,1713677.428086
BASIC,35232.95095365
ILV,633324.39190435
MET,175668.00989929
PPAY,1939250.11870789
JUL,669390.73679873
CXO,189545.77638569
MUSD,199314.0041949
NMC,65659.3361978
TON,0
EXNT,248974.46821456
VEST,1.22255573
ROOBEE,5141734.95160494
PSG,38867220.19667687
DIGG,466240.44863945
WPR,1300674.29057833
DHT,5061879.35543795
ICHI,101408.17743178
HIT,38652182.09040558
WOM,3015436.4693083
MTV,7005380.3661067
POLK,2181406.09373128
PMON,12200845.22212669
TOP,3922957.97347638
SHA,10848022.19722148
MOF,6108014.96854885
ONE,150836.98706014
CUDOS,1319925.21859498
HPB,1650134.44160655
ANW,1597036.65855706
VITAE,3346175.9935489
vSXP,0
NSBT,280517.97024939
DERO,688651.70370299
SIX,14846128.89078781
DUCK,2051892.64969473
CDT,5991297.28167827
LYM,567591.43807864
mTSLA,71925.10892249
FIS,6659817.39800497
ORAI,942759.97486987
PI,470359.12877025
BUX,610301.4094345
CUT,609.46236999
FCT,2501.72687268
VIA,2270609.83883483
mIAU,118702.55629652
ETP,1179939.53526007
BRD,1608054.67283259
BF,526471.22929891
QRL,112039.73357245
BTRS,644115.1951729
OPIUM,69804999.90110338
PTF,1064845.50957561
OAX,873360.41490372
GLCH,2883442.61492282
OLY,72321.69819104
CRPT,229944.81719553
XSGD,161056.39330704
SAKE,913800.66923559
BHD,30330479.57093923
mAMZN,35147.09796983
MIX,509721.29729481
TLOS,739054.36824904
BHAO,3393306.33957046
RINGX,0
NEW,4499242.20559229
DUCATO,236764.12454449
mQQQ,44075.76565297
DTA,11740639.83052448
OST,2996784.74345735
mTWTR,0
BANK,1220863.7478992
mSLV,63461.47312876
EVX,3536590.85742182
LGCY,359919.9769041
RKN,500442.31526591
SHROOM,1097109.0516412
mAAPL,0
RAZOR,1435220.50040958
mMSFT,0
mNFLX,0
RFUEL,4894138.21099152
BLOCK,43737.16301822
LABS,4529736.9174598
UFT,12360776.49125057
PRE,157571.3701379
COVER,3194673.90727171
MCI,0
CMT,11247098.40099938
UBQ,183996.02496758
GAL,2300935.35250605
POA,1248459.91357368
vUSDT,0
HEZ,829575.15467006
mBABA,25313.69225335
LGO,401333.87242415
PAY,8928379.36250481
MDA,2241466.66879215
XLT,722377.5742854
TONE,421891.11886176
ADK,1373554.22043301
SNM,6017008.5337138
PPC,176822.36067317
TRUE,19685201.72848457
VIB,6129334.76164615
HMR,6811912.92901371
NIX,93949.61182143
ENQ,1713111.31485502
NIOX,1013400.35512713
mUSO,63833.94621099
ARMOR,3690366.02281266
SOCKS,259388.96607595
FLETA,439262.87800709
USDK,307957580.75382006
BURST,212538.56666318
MARSH,2801568.37231689
MOON,161005.27886769
DNA,3349645.67370908
LTX,1659806.05513123
MXX,52587.15375343
FCT,492584.34787319
PROPS,1216152.84036161
CWS,5608892.35227683
SWRV,13833234.98947655
BIOT,0
SWFTC,36049883.09639578
IHF,36467.98087316
mVIXY,352349.98380308
XPRT,751018.28976684
MARK,808857.4323662
SWM,846853.22867597
JGN,11818144.54919569
TXL,1495136.08885473
FOAM,57577.0011782
K21,2092711.23516229
ABT,24671227.90569592
MAN,4665218.60421259
KDAG,3626790.04114279
QLC,2671651.08885859
vLTC,0
IGG,263866.51946188
SMART,2202116.33956443
TIPS,18846975.53574767
TNB,64933759.38537122
ACT,7297484.1848861
ACH,5952111.52638934
STRONG,1266816.54666963
FWT,1413972.13034704
vLINK,0
KONO,5763862.82243185
DYN,10266.09496278
BMXX,183076.02636045
QUICK,391681.59996069
KICK,3676314.68888294
FLUX,610048.51145175
AWC,108437.36587582
EGG,4097947.05010235
BLINK,5441580.98096422
KTN,1063204.40408153
BEPRO,7618219.69538987
HY,47092.30747646
MTH,1559211.40020841
PZM,599387.18579716
MDS,3014288.68255302
EFX,160023.74850259
AGA,40467.16791566
FST,48885.74066843
DLT,1273486.67280833
PICKLE,9073463.18953369
AMLT,1014939.21471149
CON,0
XDN,896798.4704799
DAPP,31849.07548086
NVT,302610.16222561
CARD,120251.40317293
YOYOW,1647595.81555828
HOT,3695504.01908374
GMB,1714585.43041088
SNGLS,3046392.97732442
ELAMA,8109252.7517862
ARCH,1568405.60125783
WGR,69064.67471879
REW,990665.46965298
GEO,184909.83660775
DVC,799.42081
ACM,3060584.63445228
SYLO,1904313.85994634
EGT,10379104.55646162
MUSE,589920.74330747
IDLE,284209.44474101
ASK,1278355.18480182
JUV,5427795.86575764
ROOM,899696.12826033
DEC,1483297.66516354
KAT,606037.81061595
ODDZ,2609954.08823532
CS,1167741.21035759
NCT,69280.63923298
ANJ,137266.21179379
CGG,3531141.35037081
WHITE,1923190.84899341
OCN,15063250.98708995
ZANO,170527.70193551
XEND,3535624.97825395
EMRX,825068.47882007
YF-DAI,6136895.22683137
FNB,6238.98995598
OPCT,551155.661504
FIC,1503699.57300805
DG,159448.6031992
TKY,1514050.00864031
TRADE,4007630.76874283
SCC,61127.78652456
UMB,1602190.96624848
QCX,293448.86691313
FSW,529220.79969783
AEON,89368.35305602
DAFI,1668597.38410388
VNLA,223577.24732657
UIP,2328050.70698214
VEE,647700.41921876
CBK,81864.92757917
DERI,2394835.44701135
DGTX,2323000.08370822
CHI,581934.02900618
UDOO,145759.74903791
SLICE,191218.27100887
TIDAL,757007.66166668
APIX,207785.6935625
SPC,576663.16627955
SSX,238138.05740668
ITC,7756593.92230579
UMX,674989.22916397
BIX,8553490.57261557
EUNO,109155.37846882
ROOK,8666389.13565753
UNISTAKE,729228.54923415
DRC,853128.90776183
MFG,82411.99387217
IPX,305706.84754052
PAR,333462.88431174
CLBK,0
AMB,4262938.98522278
BMX,1729893.31355371
BIKI,1640117.92089645
L2,196618.73233857
PCL,810675.98245537
BAC,221208.84854012
PLTC,249895.82422111
CV,674820.90100777
ROUTE,552074.50769576
USDJ,34396845.9918925
IQN,640456.83896468
HTML,50153.67361951
TFB,334819.5743115
NPXSXEM,37597.83529663
BTC2,10032.90449781
CNTR,1092116.07997298
DOS,1926121.82373658
SFT,27277.21164606
EOSC,97285.66383437
SAN,210034.46221641
ABYSS,930276.47774365
VALOR,164639.12712371
MOBI,103257.19598721
AUC,78333.74008672
SLP,1144520.81666777
PMA,1049294.34422399
GSWAP,599091.57861728
MINT,1059991.2605005
APYS,2660300.47144806
OG,5085830.1906179
FLO,164676.6894663
PKF,1995234.43873336
VAL,70376.19187654
DVP,1505550.47075429
COVAL,121836.9150778
PLR,150086.743704
OIN,586616.92662703
UNCX,2820158.23206451
TRV,5379.81578525
BOLT,442898.38782426
FNX,4629508.09393215
HGET,573997.82586749
TNC,9934940.21837843
ARDX,252822.05269028
WEST,534693.99387937
BAN,147297.75658774
TEN,426256.60950953
UUU,843726.49190773
YFL,410755.84420149
vDOT,0
SMT,1288653.08717343
LIKE,31026.67737066
UDO,717025.87382082
DOWS,1207858.66022901
KEX,1317807.33599096
BRY,1938234.58695916
XMC,60002.34212872
FUSE,1679975.38376159
DEV,635348.23321458
TERA,169679.97062623
COV,253923.40898487
EGG,139753.04138182
GS,3194705.56684115
TKN,12912.55732372
YOP,1283967.27455897
XSR,428450.96052818
SNOW,842628.79163982
EM,2172647.09437147
AME,840831.3839308
GNX,1918070.42506046
GEEQ,450335.36828114
PINK,1238550.64873374
CREDIT,9055.37080431
GAP,0
KRL,126524.35012018
BWF,573.79936506
MUSH,8400.24755299
BHP,3099817.74451817
KCASH,5421581.46330683
CRD,4516.92528191
$ANRX,530767.27305956
CVR,1618977.09243572
NFY,695006.98221039
CSP,238734.66552827
DEPAY,507557.80873244
MTHD,4722706.48017161
WIKEN,28510.10757136
PCM,399.00556228
APM,473886.96551225
SRN,1097589.79345636
MTLX,2548505.42350655
PRT,319254.01305475
PROS,2003709.79576095
BIRD,857032.34693318
WATCH,341996.01179736
NFT,415299.03235231
SENSO,898794.00176753
JOB,455131.63469836
PLC,654968.01430985
ASR,3738336.30702104
VDG,341541.21270476
CBC,525672.65874804
XPX,274755.00565446
ESS,372424.07650509
XIO,407063.32111175
S4F,2071313.65408581
OCE,1409720.2752529
DOUGH,1564945.55492714
INT,5286259.06463345
GXT,1119098.78229032
LET,1851680.94134295
MWAT,174755.8752433
CWV,13300.52402856
MTRG,1441695.22089119
ONION,13616.48379236
PART,13184.50152199
FLG,181747.98219179
PRS,9411.71632578
GLEEC,1168351.11475657
XCASH,42199.38300573
PCNT,949711.88402863
LUA,172997.60162309
DOKI,114976.7500105
DYP,825349.00804802
TIME,29921.14667979
CAPP,284756.10614949
URQA,1475945.10338933
URUS,2190229.1460487
BOND,552999.19539604
GEN,185307.95136045
EMC,25214.72465599
RIO,264395.62819025
ADB,431048.48282124
INF,12806023.56098884
LEVL,279878.97647152
MAHA,1899489.48980621
FO,465594.87882013
MTC,383096.1100108
POT,55192.29373498
BLY,253784.0842031
PHR,34234.35321624
WINGS,44120.11952325
EXRN,68630.80356394
YUSRA,41850.6695801
BPS,31129.86391907
GOM2,45218.60125231
BIFI,1587758.54252166
DMD,21839.1780511
YAP,551269.56326271
MEETONE,21049.19087683
INFI,900199.80109494
NLG,224819.06501135
ZEFU,1469257.01641201
RVC,207103.28953837
HDAO,421914.17329919
EBST,7205.6588621
PHNX,606117.93080163
DRC,1054806.12390597
TRIX,118175.85199684
GRO,270949.81865828
SCC,47037.28491476
XMY,483841.24771738
XMX,1924421.34725368
ETHA,4237754.09753427
ZYN,186849.7835224
ATP,1285298.94380532
FOL,0
MYST,12403.9951437
BCA,4703.65276957
LBTC,2071932.35803381
BCDT,459775.42142097
CPC,1002602.92192484
AYA,262759.08652881
LDO,764272.92585768
Î¤BTC,1290760.02638716
SMARTCREDIT,1926281.60230667
INXT,301420.4620342
XFT,393709.41275777
COMBO,1766447.25870387
AITRA,316995.26239816
ABL,2060.88030368
ANCT,18452.14045707
ETHO,390282.32018506
GRID,79252.3404224
OGO,2012784.56871379
CVR,0
PAINT,1433252.55789722
ZT,423724.84929505
CNN,668160.6607907
DMST,1168354.97195753
BALPHA,926812.17870309
VIDYA,1335493.66651634
LAND,422029.77328299
SIG,664191.94687124
HAKKA,341940.78540025
NDX,1351495.65874608
WOW,167835.24147051
MVP,619543.63478357
DEP,1269146.66362251
TFT,28687.1246721
FTC,131809.80269576
AZUKI,327541.60613011
BTSE,207000.16439388
VNXLU,304434.45157027
GTC,1406494.48984549
MIR,128837.78676809
OLT,810692.68846881
SYNC,346658.48814715
AXPR,262327.8180339
NYZO,657599.13921958
GRC,44678.03898734
OPEN,728873.83403773
DAT,527587.97299338
WOW,4221265.29054107
LML,507220.58215627
USDX,197.30192878
SAFE,67563.03477585
SPAZ,1747103.70942628
NOKU,8606.36967741
TERC,0
GOC,27990.42278265
KTLYO,16918280.1917805
XTP,565672.33207916
COT,108845.64368941
FIN,424167.05200076
MONA,41798.19893486
ICNQ,15555.74907528
CVN,64454.27891618
42,8233.05644457
LKR,763573.60389431
KTON,3412533.45138694
SEELE,10438590.01016469
EVED,13356516.7080367
EQUAD,110525.89824272
PLAY,253940.91341894
YOU,1428281.26011484
SKM,1695856.31302994
DEXA,605731.67332949
AC,347515.33835574
CAJ,11668.60447299
BOX,1294.53684464
RMT,149270.18971725
TOWER,581040.14363647
LBA,1646289.75988041
NPX,850.96623879
CHONK,181016.60249403
BREW,272444.07393516
TRY,4.78784556
RAVEN,33371.91418946
XST,23809.05401384
DTEP,290721.83268705
PLU,775290.88151949
WPP,14121.20803338
FNT,114104.21659369
XPN,0
PBR,1680354.03067265
OPEN,2381478.29455694
PAT,7018.48982306
EKT,1827428.2612484
ARGON,1054890.70577729
VIBE,114569.01571886
VNT,176347.36545223
TRTT,19153.49557243
PAN,111838.03880323
SNC,614766.03030176
BOX,550639.19076566
INSTAR,72238.41762655
IDNA,33464.49758716
TH,0
SOTA,309255.52165232
AUTO,825.14933185
NSURE,1866154.05182045
CRON,24271.58119278
SOAR,61097.43615317
CNS,2779495.22542541
TRIO,1458123.91543438
LXT,2289720.57217441
YIELD,1128520.29129805
SPH,401988.52252261
NORD,1440675.0770807
YEED,104432.78192793
PLF,7455350.84452056
OUSD,8806.88231343
ADS,95699.7613202
FAT,2931079.06074779
PLOT,747256.23675368
SEEN,45347.43636987
CHP,24788.19733478
WISH,10166.19965321
CHAT,922734.22193171
HAPI,1984241.18870487
UPI,140121.26837501
CRBN,201849.61484689
WEBD,2409.08800929
STA,209421.50296425
GARD,508954.18847102
FKX,527244.45059895
CTCN,17662.74154479
BIS,105536.71437568
NAX,494938.23576971
SCP,13703.87374313
VEX,185084.19206431
THC,16813.04166029
PLA,217310.84728643
ZORA,891162.09054703
BCP,562468.21902759
HTDF,677233.69085767
ILC,65039.24225234
RTH,147609.4466661
HVN,94061.78180334
HYPR,0
BHC,130119.24563803
EXM,357841.35547895
PUSH,8011375.28863263
GSC,188572.67307593
AOG,2183.48757286
UFR,36702.50468628
TAU,10516.69340294
OMNI,905216.43503766
SFUND,892227.19841506
WINR,1836198.64121983
PNT,247946.9388902
RNO,74153.00111974
SAFE,471.92770288
SWG,698389.08778141
SWACE,0
TOKO,1440748.93021904
BOS,15509.72711444
TKS,0
JUP,3211077.39248524
ISR,556384.96825486
DIME,5295.3738076
ZEBI,24015.16045032
LCC,7325.4417695
IDEA,689886.2165939
XLA,48611.58242079
ASTRO,56235.505997
BLK,1505784.38838983
QUN,784634.54405796
CBM,238478.89236884
TONS,3310169.2121818
BIDR,25498978.00980034
ASKO,1255734.61764609
GUM,2246238.73056102
TENT,495238.97088357
CLVA,264439.45931061
PGT,2459.9553634
DJV,89741.18173663
ZASH,32062.4293016
SATT,28003.80488671
RFI,134938.12899658
GIO,4235.74958887
AMN,26086.588349
BTZC,0
vDAI,0
IOV,247645.90936389
SPIKE,0
GHOST,469373.85363227
FERA,502518.70559709
DEX,44378.44758036
LEAD,651279.14221477
BC,17716.82446124
UGAS,746950.3226872
YEE,1411183.05629795
N8V,2565.92197316
TRIAS,5467657.13565149
CEEK,309512.1817155
OK,116397.80202637
CRW,58107.22559262
GIG,470.9166007
JRT,744624.01673899
LINKA,882240.04827913
OTO,57.51966553
CHI,637655.49512188
BOOST,180836.27709813
BART,1501067.47696681
DTX,0
CPAY,14.54383319
MASQ,30162.29981419
1UP,192931.0422586
ACAT,281734.47398567
BASE,93870.68602399
PVT,1634020.59430037
LNC,2696.56061085
REM,247063.09210169
ALLOY,16.57160529
UPX,80405.83677427
HYVE,831720.03099061
IXC,7042.62594805
AAC,3834972.53020259
XPC,135115.2084229
EXY,40204.96142546
BITG,0
PGN,225517.37685316
NBX,286841.47457385
ZER,634184.97493008
MUE,196358.00622306
LUNES,1757.59615305
0xBTC,644012.78705916
FYZ,121050.12411504
EDN,201366.08739522
BANCA,53318.76991018
SDT,3153007.09800871
BTCP,120.97311209
2KEY,321146.73784378
DGX,23799.08373964
WAIF,149315.52899327
DZI,8111.39759375
NDR,61383.77988418
DAX,39878.8040053
INCNT,457721.5498446
BCV,429626.82767097
FOUR,998962.08396322
FAIR,4984.21035086
GET,108472.18700209
IOC,13452.31557073
HLC,251442.83240375
DDD,92640.76107497
UBEX,2372527.65313861
1WO,11062.04238449
DFS,530123.97080247
XRC,4673.83595694
YETH,365260.6721189
UCA,34444.73940233
BITCNY,80688320.75701554
XFC,340887.3298908
ALN,403037.13351524
NASH,1969.42729282
RNT,530793.92363633
AZ,28770.12395217
VBIT,38578.25869626
DMG,1915640.22307568
AVT,170236.56831102
HYC,1446432.23328621
FLIXX,42067.78004617
MNE,46236.89634297
NUTS,114049.43412851
PPY,58948.55933617
VRC,126389.21998672
TOTM,261762.34366969
CHX,187864.7073814
SIGN,6899.10831203
ALY,24224.26425995
ROYA,2081862.61515193
TENA,38473.44373351
BNF,1587855.18372461
HYDRO,313443.56362444
ALPACA,9776354.87068002
MOONS,281910.2974617
SNET,819109.16428272
KEBAB,0
CHADS,37563.33230502
IDRT,1679149.13127868
PASC,70485.90043498
VIN,367809.92661426
VAULT,7357.83620012
GFX,782720.36202615
BTCZ,11862.45058556
XPM,2048774.95585448
POLIS,11072.88674724
AAB,124400.42242315
BCUG,664898.0031409
ENG,5125225.35665292
EOST,501.97035288
EBOX,650980.12977013
BPC,104204.29623367
ETNA,1973037.93847647
TYPE,7065.3689602
POE,11021.6435616
TDX,1685.58208084
DRT,13945.54359832
BOMB,270768.77206546
VIG,3745.69480235
QDAO,39311.09769001
EOSDAC,581571.00589241
LEDU,113662.88972875
NOW,13126.86023484
SHARE,118983.82991963
vBCH,0
BSCV,1356380.76576282
ONG,31158.29629595
TTN,73299.93204841
IMT,0
COR,273081.66856475
ZCL,23580.85781895
NUG,2970.87250939
NBOT,228367.68736355
USNBT,1802.21526399
XLAB,29103.18847731
CUR,30982.81613656
PIZZA,4480.77335772
SUB,24033.34564396
MTN,140741.53726863
CURE,12711.70112021
TAD,48145.39429945
UT,0
HYFI,366941.88469476
EXP,50127.35949969
HYN,112617.80698547
STK,569819.48366748
SGT,370560.06736734
FLASH,65088.01011043
XFI,140569.77742311
TN,27269.86565489
D,27353.2094851
YEC,42192.87667223
TNT,77886.66446268
CAI,0
AIDUS,31778.9026519
PST,14163045.64528269
BBC,0
xBTC,8612.71615811
WLT,35526.90267088
IOG,1788.84432758
NCT,224697.03106378
HNST,47251.30713163
XAUR,27491.68899733
HGOLD,110063.57329972
SIN,302358.03789491
PLA,193660.05584884
OPT,2059.15228489
MCX,15532.55807412
SNB,118.39229694
GEO,14696.91272616
BMC,433.90109836
KIT,1366037.44752714
VEIL,10125.92136147
VIPS,38.01197688
EKO,273315.98143133
PEOS,578.11876504
PIRATE,4609.88094206
TYPH,106935.76557764
ORS,1673634.35484446
TFF,384835.15042828
BOB,258530.71244133
KCAL,15038.3746679
SUMO,70974.56750601
CGT,152487.58921753
DAV,2936754.52426243
GMAT,346533.67758351
TX,0
BTO,206480.27147764
DAPS,64702.19313708
WNL,0
TZC,8737.60721511
DONUT,1027991.89314264
IHT,105891.11894658
COVA,232126.57993865
CATT,21726.31938678
MGO,1400520.16819081
ZPR,209.62937283
MODIC,349880.62020076
EFL,0.31908705
COFI,299900.26943148
BOOM,205294.38108059
PING,268.21320062
1X2,276.19306658
BBOO,493380.16540914
XHI,0
AIDOC,354356.78919258
REPO,130068.90360286
AG8,93650.01145182
MPAY,1096.01567356
ELEC,198715.44820635
MER,113413.98887843
PMEER,225203.81708331
ERC20,34872.83144435
CPT,741666.263398
BXC,109518.92263237
FTX,25262.98546648
IFC,27099.79283952
EOSDT,210434.1412036
CCX,52372.64422928
AIT,182127.09337403
QRK,425.99832173
COIN,27297.74166064
XBY,0.14597682
BWT,0
CARBON,0.03923064
CLOAK,5765.49181988
BWX,380999.99065829
LIBERTAS,13277.85919801
MNC,194645.72826201
YSEC,38023.40801039
TOL,48056.80993165
NEWS,0
SMLY,2510.68627819
MBC,1179.24085568
XMON,192548.62090011
RPZX,82075.5577375
OWN,1147.0508063
PTOY,11478.54158146
DITTO,103494.36011569
ADD,172804.95792642
AMON,0
INNBC,71866.54726705
BITS,3302.79094323
MONK,33492.51589836
QARK,2375.64777187
RISE,0
ADC,7.17e-06
HTN,83559.88736535
WCT,0
SFD,428145.71728802
BTB,1287258.94032362
DATX,998243.32987127
PPBLZ,499045.03752595
EXE,29132.66075936
CNB,348366.03091638
FTI,7497645.71593815
XAS,31226.9879987
GCC,24.62104986
SONO,60650.7357632
CANN,9.98e-05
LOBS,880989.73966754
DACS,172.65443581
FYD,29.69236036
BIZZ,85989.4710649
LOOT,793514.13768173
BZNT,9318.2582986
TFL,0
HOMI,0
PWR,0
DAM,314161.0754631
PPP,0
NCC,21207.66708181
GEAR,3273.15535578
CTASK,570181.9855388
KUBO,0.00351831
BBP,134447.05141251
XCHF,7794.44366049
NTY,0
RTE,300848.06886873
ZP,408.65669808
KRB,787.61419659
BXY,1351.79047927
ADM,3778.11949711
FJC,33.50792319
BRZE,30139.80261651
INFS,73332.65921955
LUX,5370.59156335
JAR,328740.34625455
LOCK,126622.51923115
LCS,5883.66850679
BDG,2503.85772994
SSP,400357.28568465
CVA,93318.0098305
RPD,5314.06691308
XSM,0
HMQ,34873.96703444
DEFI++,132201.62667723
ZUT,135330.51020435
YFIII,1067617.5649288
WET,0
TREAT,99517.87452206
HSC,1212119.9907676
MCM,2524.0298785
ETZ,4998682.42289707
XIOT,16365.80388253
HX,127297.67901127
IDT,155234.2688794
YVS,287468.45364267
FUND,38737.16184279
SHIP,1523.30813831
LND,276.5241661
PKT,114823.83966934
GHOST,17.15707516
GOLD,200921.2163853
BET,913.61821673
FDZ,76816.26347157
ART,968.41934943
ZNZ,5451.04780167
BZE,1785.38156076
MTX,45811.50567744
BBK,2857.37087126
ZRC,119831.40964737
LMY,127411.01030999
DCT,559.71547701
SHND,3600.11364582
CATE,183190.32233445
CSPN,1129.81503518
PYLNT,0
PXC,214.8843418
CORN,0
MAS,88640.62755042
BSTY,4152.31115093
NSR,10.60154166
OWC,2774.18249496
RISE,0
GOT,132509.37784256
KT,33883209.80877245
DOGEC,8973.54622497
COSM,43696.33537722
DTH,61285.35688557
CBIX,33127.44876222
EBC,0
CLR,1103.04014518
BNTY,107220.7372119
SFX,11934.50913902
MPG,0
BITX,3310.18609855
AUX,67563.47148694
XBC,79967.09374271
HAVY,0
MBN,91862.65991041
ERK,10795.96664817
QWC,412.04049539
TRST,1057.56776227
BID,28277.34085013
BLUE,0.00508897
ECOM,113943.96787701
DRG,20.60264191
EPIC,112487.58993831
DPY,98626.11599248
PHI,3063.51988823
NEXT,16711.1822082
PMGT,2981.0443674
HBX,142.71854948
EBRH,0
BONK,18017.582533
WOWS,56364.57283315
SPN,0
MEME,31124.30058358
SS,100619.65241493
NTK,1245.59684874
KDG,11918.93794934
SHIELD,134983.97897322
EVC,30558.65422709
XPD,2.093e-05
IPL,15613.80593852
DCNTR,43.76690215
REAL,6710.15325249
ISIKC,401708.24332928
ZPAE,359144.01314087
ATN,115833.60872775
ADT,13829.33453491
FUEL,145722.92093552
EXCL,2723.89573443
SKB,85775.10503839
MILK2,27700.12203698
LYNC,4286.92251924
MCASH,0
FXT,557.56270379
DDK,27476.05274693
STBU,21090.07977361
SHAKE,16649.98044226
NFTI,3192.46559629
ENB,569.25786218
VOX,438901.22141913
PNY,2734.2510585
FUSII,46255.35294865
SBS,45725.75724101
IUT,0
RED,44333.49625198
$ROPE,29940.8040652
ZXC,36115.66899016
PASS,1408.24502238
HNB,0.36332071
BCPT,18837.52481982
NCDT,340042.18637787
JCT,0
PAK,583.07215507
IXT,1254.23674535
LANA,0.61739064
SCT,31269.10780789
CBC,0
PXG,65317.45791508
CREA,4049.59281918
PTC,9.09348406
XDNA,443110.28263633
VLD,0
BUZZ,27.3705003
PTE,0
XAMP,0
ZUM,56.47927466
XNB,0
AXE,82873.84706092
ACM,31999.07194225
OPT,251.7648653
MALW,2602.74314272
CCRB,0
EDG,1414.70323332
AXIS,113050.11021088
SVX,254343.55543609
RULER,266552.48601503
X42,2860.88708037
WFX,85.18745007
RATING,105021.08320739
ECU,0
TPAY,111116.19988087
ECO,19257.77533458
CHART,79170.41323361
TCH,26379181.5443356
AID,243.95549452
ALI,2369.1487867
IND,25399.59278102
XNK,409.62593699
FRC,0
CDL,46.74678224
MAX,179255.15498775
METM,8391.00214803
BITB,171.33702831
ZSC,12837.27836208
EDC,292451.28306138
LUN,47630.63914312
EGEM,9399.13258905
XBP,2869.62836508
ORB,467.52120456
BIR,10548.7868662
SIB,47250.84202875
STX,1644.94518957
ETHYS,2499.81325799
CNTM,4008521.71520453
GBX,2909.02509258
OMC,1395.98780593
ROT,24015.70167599
FMTA,2602920.17127157
SNN,1000.09733781
ENT,0.00056948
GRLC,1235.02266193
NOVO,334.01506241
CORX,135912.95533622
LOG,133225.53122058
PEG,3913.87069382
CCN,427.77629346
DIT,54.00387412
GPYX,15801.87390965
MRK,0
TNC,119205.00395518
CAT,1135853.94971657
FESS,796.01016719
BECN,3184.06629029
PIPT,10762.63128638
DBIX,1380.11235575
PHT,0
ARNX,172242.07752784
ESBC,83760.98139083
REEC,137326.41864838
TON,47688.66188543
ISLA,3644.80621666
X8X,2896.30866751
BITTO,106506.216769
ATL,0
GENE,0
QBT,48718.27114548
TCC,229293.75673956
MSR,7217.21347919
ETHV,80530.49445735
DOGES,1869.45581333
DEB,35072.43302182
IONC,21572.5729341
KUV,0
PKG,7455.8579458
DOGET,0
BDK,0
ZPT,100950.85634156
DOGEFI,367751.77819583
TELOS,11014.1528928
INX,592175.94541779
DEAL,0.1439736
MASK,11178.50222334
PCH,186.78368334
RVT,1173.80251122
XNV,2328.80912306
PHO,228.17133627
GOT,155331.38349608
TRUST,1705.63056002
1MT,20696.0628024
BGL,101874.35344881
FTN,11523.86488283
MIB,0
TEND,241165.22183298
KARMA,240.42775196
RET,29.7142897
INK,120138.47795764
VTX,257530.56986093
GZRO,7.93075075
SLR,9813.46840515
MEC,42.05464689
SCL,690.14914306
WIZ,0
AMA,5746.42846123
VIKKY,0
PBT,944.83983536
RENDOGE,10057118.96275296
RITO,112.02642071
VI,14524.32381616
MANNA,28.21343501
TIX,73.45334647
EVY,21647.04529213
STBZ,16412.8754121
EQL,49121.585467
WCO,19.96799985
OLXA,18.35116559
CFL,3505.65877758
DBET,4373.56559905
VIP,0.00183149
PUX,35075.74209979
CEN,889.91851314
SXUT,0
AT,12172.5671047
THRT,4515.32552266
TSL,8432.87706538
QCH,3882.92200403
HER,1252.39043093
GMC,4827253.00369931
XWP,1902.02967802
KP4R,37172.7614592
MMO,280.08858461
GRG,1296.86649153
TROLL,212.54701901
POSS,0
DEM,273.46311448
ACED,7689.73526397
BMH,11876.2684847
ELET,571.44190243
EGG,8895.86624666
MNC,0
MNTP,0
TBX,142.37784397
BLU,1.96e-06
RMPL,13.71990869
SCB,0
BELA,0
LQD,63349.60075071
SPD,639.05546534
NANJ,483.99837925
FACE,1875.06094323
GLS,1079.01882368
XLR,55012.07721113
WOA,0
BTDX,1647.21222512
WG0,9811.37967084
NKC,19997.28676265
CHND,231630.94070507
SHDW,0
BTU,456.88952577
BNY,0
CRP,180.8397953
USDS,5488.8739542
PRIA,12655.14350691
QUIN,1612.45136062
MAX,3.297e-05
BDP,58625.53212981
SWT,436.75732932
STAR,33.72693378
S,0
CHESS,3.183e-05
ION,0
BRDG,8964.4040967
BIRD,214810.18017092
ABX,93104.25537787
KICKS,96433.35700365
ZCR,1782.69980398
KGO,28415.21435215
ZENI,0
ATMOS,33.33341433
ROCK2,27248.93155136
SWING,0.00029369
VDL,4227.28885317
SPD,224.75639864
AER,0
IC,6997.04354649
STM,0
SPHTX,0
KUE,0
FYP,10085.40376411
FUD,2254.22039603
SENC,87035.11240154
ORMEUS,7444.12279883
UP,393.55772363
FLP,478.17856161
MINTME,0.07640973
LQTY,3671634.50594585
HGT,389.95238744
PEPS,4013.80847352
SMC,0.00024202
START,0.00016839
GEM,21807.5113254
MCT,92482.69566521
CRAD,26.58783575
DAY,3429.13307897
BERRY,571.63383199
TRC,59.09153805
ONL,0
KNDC,46.36083939
FLUX,25675.70870782
IETH,56.12442512
DML,3495.62517241
MYB,3146.06588909
EVE,7619.56451236
ALMX,3389.38350073
LTHN,431.4926942
ALT,0
ETHY,1984.60620281
DOPE,35038.44723588
ATCC,1.22221798
NBC,380.01772896
IMG,143157.25161371
BOUTS,192958.27894497
HQX,34868.05525433
INN,790.21050078
PENG,12.77297033
SOUL,2264.58664775
ZLA,24068.36124642
OCT,67028.09781266
ARAW,0
RYO,1410.87466003
GFUN,62.68899019
NOR,1217.52986879
SNRG,0
BLTG,335.03106331
ASAFE,377.87175396
DGC,3242.82051724
ESH,135638.46759437
KOBO,1.542e-05
JET,1250020.3356671
PUT,960.27569515
ROAD,136056.34898998
XCN,0
LYRA,947.48069113
IQ,87840.16498113
FEX,19.81258012
DOW,0
TCORE,408475.19004626
INSN,37.93459059
RBLX,3942.79452524
LIT,59355.12057723
MEXC,517.7538259
BQQQ,740.10014504
VOTE,1019.25948166
MERI,3027.87448526
SHMN,197.78334467
KNT,24.14572268
HAND,16268.19586795
ETHM,12209.73007758
XSH,188.76264159
ARCO,0
ORE,52962.04585747
XPT,868.76377312
MVC,3612.53914977
KFX,9.43840456
WCK,0
NFXC,141.36045145
FOTA,561.57588139
CVCC,0
PHT,1421.44728872
HEAT,0
BITC,2321.73657903
ELLA,199.58283428
BTCT,140.83709894
MES,39535.72899948
TUP,191.79668604
SEM,207.51916883
ZUM,184.98926279
BITS,2.046e-05
GRFT,775.59852459
PTON,603.65676286
HB,2332.11246865
N0031,30263.84867181
SINS,193.13588231
BTR,0
TSD,0
KURT,3.62e-06
AMM,129534.45764722
MODX,0
SYN,171703.77795829
BEET,207830.53438257
INVE,143.77162838
LHT,1.43035487
INE,0
2GIVE,7e-08
SWIFT,54.66244711
CNUS,0
HUSH,0
STS,66330.95967497
TDP,19956.973632
ADI,142958.01968553
PIPL,197.20577131
SND,80.59331887
DCTO,0
TCASH,3873.14289855
GENE,0
VGW,0
MAC,11.01703878
ZNT,22307.43787213
ELY,1229004.67636077
FIII,4039.03206726
ITL,44.21348336
CNRG,0
USDX,0
POP,0.08117263
MOTO,1.54e-06
AC3,0
ENRG,225.45509602
TM2,1615.712335
PDATA,0
HORUS,0
NTRN,36.97209541
RIGEL,55129.0432375
BOLI,867.77060716
IOP,0
PLURA,0.00793867
ESCE,0
SCR,3811.34025616
A,2217.85939111
UBN,23.708064
GIN,0
OSA,8243.26438455
WTN,1237.98017671
INEX,104.66643533
OOT,0
ANC,18.82613569
FLX,0
XPA,0
HWC,0
GMB,251.51482664
BEER,3129.7751279
TIC,2766.90781484
YMPL,0
AIX,88.79341786
STQ,0
FSBT,20184.04365379
SVR,9.0859774
VOCO,4651.60523914
WAND,988.82664544
MOTA,1485.81694817
BBO,97960.22371824
TOC,26176.73040193
AREPA,5.52574733
CGEN,0.00732066
WAB,2473.77603859
GCN,176.81337008
FGC,6.31275587
JUI,0
YTN,845.27324114
BEZ,0
PTI,11637.44934974
MOR,0
COB,0
LDC,43.31143016
CJ,0
ZUC,48.91409713
HSS,0
PYN,1676.64367582
CYMT,54.08584858
EMD,0.29895912
DYNMT,140301.99038684
POSW,7.75e-06
NSD,5749.1088138
YFFII,90835.06737364
BON,0
KIND,1087.86825956
FLOT,0.09594312
IFT,1.8e-07
SKIN,18873.93234756
ARC,0
CTT,65917.00213152
TNS,227.70911026
SHPING,788695.51305729
EVT,1352.01296063
VRS,0
WGP,86049.33237762
NETKO,0
YOC,533.63396208
AIM,2362.26476886
MORE,7550.17030205
HLIX,42.05065989
PYRK,9092.9094679
BCI,1.22255573
FOXT,209049.87900814
MFTU,10484.65649289
SCC,3440.55630761
RBT,0.00927982
OPTI,7609.63018409
RAISE,175.83637683
CRDT,301680.38910314
CROAT,268.1009702
DXT,10430.95219808
PIRL,461.64315661
HERB,916.39198878
REX,206.98740448
CMCT,3428.79920826
TKP,0
ENTS,23.99680972
SDS,910.59068916
MICRO,3048.50171902
REB2,0
ETI,44.01811908
WVG0,576.91675675
TGAME,2524.31889815
EVIL,3.91e-06
TAG,417.59943834
DFS,0.3423156
CTL,9.22161103
BBS,195.15449102
ZNY,603.6419753
EVN,127635.4451194
BIT,88.80643345
ADZ,0
ETGP,2383.95817247
HQT,3784.27775964
NMP,507.88197597
NPC,0
ARO,5.55364222
IG,379.44066339
SCAP,219.62437298
WEC,1.22255573
UNI,0
ES,0
BSD,36.12415479
ZINC,426.67952441
EXMR,127104.80926245
CTRT,4264.35148704
SUPER,100.93195662
CMM,4.918295
BBR,55.03945899
LST,1.22221798
KWATT,4408.29657487
DUO,301.83045886
SSS,21.9936428
RUGZ,2523.26606484
FBN,2179.27914372
YFSI,4085.4229654
INRT,0
PRIV,55.98993749
PRCY,634282.60620549
CMCT,0
KSEED,15587.60678283
ZET,6974.01429027
DONU,36.77289977
GTM,478.90611659
ELTCOIN,8547.82728621
VULC,0.06082368
FIRE,0
BTA,7.15861401
STAK,125.67518996
ENTRC,47290.98292084
WAGE,3.33813842
C2,1.37e-06
VSL,0
WRC,1.9e-07
MFC,418.51072089
LCP,830.27001588
CIV,422.07941934
NRP,1386.45469317
ARQ,1261.02695233
DATP,908.81121046
GIC,9.78533607
ETG,478.43693314
GCR,2.8e-07
EBK,0
CALL,0
ETX,0
NCP,3.10632206
OURO,2494.08173904
WON,16152.81504257
TRUMP,52.67992643
CHEESE,6.88497535
KNT,5.33266563
BCZ,2.18063262
BEN,0
XCON,21.74738898
DTRC,180.19720753
FTXT,4663.85815245
WEB,2329.85353775
MARTK,7740.35100593
ERO,0
ZDR,0
XBI,1969.72103036
NPLC,1005.4815182
DRM,4.786e-05
PRIX,41799.1804255
BURN,1285.18964659
MAR,25.68693527
PRX,45.60944497
UNIFY,23185.76944266
TOTO,10035.95270146
TAN,50941.83257058
NRVE,0
BITS,2019.25046751
DAB,0
ETHPLO,6.11108991
OKS,1102.10377203
PLAT,38834.11480641
MOJO,0
BZX,115.39302609
TEAM,1323.7783783
UCN,5911.78278583
ATB,1.8e-07
BTW,21998.20210551
SWC,0
BLOC,85.28120881
ARION,39.71020764
UNI,9.16956042
BGTT,0
PNX,7.16903438
HSN,0
SFG,791955.99173101
B2G,1.22255573
BRO,228.64666706
PGO,87855.55949689
CPR,120455.38475879
GB,0
GRIMM,775.49279201
OPAL,0
DFT,1.51227533
STEEP,0.97023779
VLS,0
FREC,0
BNTX,1563078.66435023
NAVY,7064.41993198
XPAT,31.24419075
NEVA,6.17e-06
BLC,21.7338249
UNIT,0
FRST,0.0281044
BERN,0
GCC,0
ZEUS,47.66989445
BLUR,0
XGM,823.49503149
WCC,1908.69991114
SPK,38.50053276
yTSLA,13401.12567948
BFC,0
YI12,0
BTRN,27.7470176
MLM,2100.74679276
IFX24,0
ZFL,8.49725621
BREE,87960.74656854
KLKS,139221.33006787
XSTAR,0
VOT,0.00061006
VIDZ,0
SPRKL,2065.98199533
XRA,0
GLT,143.78587139
GXX,28.33900807
SCRIV,615.64219477
CFUN,0
PEX,0
EDRC,4.059e-05
LNC,0
UVU,795.46482293
SFCP,173.76474357
MEDIC,18.02551523
ATH,67.27540802
ACOIN,0
XIND,0
YFIVE,137161.31099259
XMV,12178.26002106
SEFA,0
MCC,130.24187875
XUEZ,90722.5101407
ASA,155.34853125
STAC,246.760824
aWSB,0
ONX,2.9e-07
ICOB,0
DMB,0.00610361
TAJ,0
ARCT,0
IMP,160814.98078882
TREX,18.94534325
SPR,1.12e-06
MAY,1.23e-06
BSC,5.48e-05
TCH,99231.56063423
XCO,0
FUZE,54399.68955634
XPY,0
TCAT,0
SUR,1793.50050822
POST,0
APR,81.91805617
CARE,47.05918327
BTCL,3.95496779
CPU,11.88545074
YFBT,4687.84710759
KUN,0
XGS,164.59390055
COMP,344.64536386
DISTX,40265.04387617
PAYX,0
NOTE,0
IBTC,118.51825852
FLC,34.96039146
GDR,0
onLEXpa,33.32730947
BIT,0.18247103
BAZT,50.12066644
FUZZ,0
ABST,573.07923112
JADE,831.7883916
IRD,49.70673061
XBTC21,0.00013071
SET,0
CNT,0
SPT,1603.51929569
GALI,36.82861392
BNC,207.73421671
BTCN,72.36606215
MXT,10.48468251
RBIES,1.09e-06
PKB,0
KWH,0
XTA,421.39699411
JOINT,5815.62925339
KEMA,93.77728147
GSR,1.48839848
ULG,356.22754155
IMPL,8.50432921
EXO,58.47366195
BCAC,562.92170952
MCC,15479.33675087
NZL,7.83312686
PYRO,275.26123856
NAT,0
RUP,160.93670921
STREAM,197.42746853
OBEE,29739.87757594
HLX,0
LTCR,1.51e-06
ETHP,1.3455561
KKC,3.89837153
ITT,50656.59669291
MST,0
IMGC,3.73556244
HALV,114.19486401
$NOOB,0
LUNA,0.00072336
SHVR,0
CRM,40.75531728
ANON,2.32041078
XDNA,3.28111408
SONO,21.06543998
NTR,0
AMS,0
YLC,47937.38030572
BTAD,1.07792739
ZYD,4.8e-06
CF,0
HELP,21963.32800724
MCPC,38.28868206
NUKO,65.4421857
BLAST,300.85445344
QBC,6.62e-06
BXC,996.48365894
COAL,39.63775135
PXI,1.015e-05
CSTL,0.89312458
GOSS,200.25973741
SWYFTT,6940.13361864
HVCO,0
DSR,0
SQR,2.15557805
ACE,0
QUAN,6.17390644
DTC,0
ICON,1.490892
APC,139.97804218
ALLBI,564.81917282
VEC2,1.5e-07
DLC,4.77e-06
CREVA,0
EGX,1322.34806455
XOV,0.72437168
SONG,0
ARB,2.31e-06
RAGNA,4.95560233
ROCO,51.09685258
MILO,0
NYEX,0.67750212
TVNT,2280.7548585
CAB,3.97e-06
KTS,334.55861816
ORE,6.21608461
PAZZI,529.93956708
XAP,0
CLC,3.40465743
MDTK,0.45756037
FLL,3.47702841
SCS,8.27e-06
GPKR,1903.65008584
LTK,483.33399996
CXT,0
EUC,1.25e-06
SANDG,7e-08
STR,27.44296534
XPTX,1.47e-06
CMT,4.771e-05
ELD,120.01112585
IBANK,3.2e-07
IBS,0
SHB,35.49935075
VLT,0
JS,0.1327491
AKA,1.30202185
NANOX,166.97150452
PAXEX,38.07396504
XMCT,0
PLNC,1.4e-07
VIVID,2.689e-05
VOLT,0
NOAHP,31168.18204033
IMS,0
PFR,0.00024146
CCO,127.48941575
IRA,167.52489389
SYBC,4835.66293506
CNNC,5.9e-07
LTCU,4.21e-06
WBB,0
BRIA,0
SOCC,0.19229528
BUL,0
DASHG,0
CYL,159514.85357467
MRI,6.39798079
MOX,28.7318935
PAMP,70.90890384
STO,0
AAA,2.41457227
CLX,0
INNBCL,9474.65866398
KZC,1.8619295
MNP,2.83172136
HELP,16.38774829
WXC,29.98480566
QBIC,0
AGLT,680.65748211
PONZI,1.92e-06
LABX,5.84890337
DIN,0.35678038
ARGUS,7.6e-07
MPT,0
BENZ,3059.89582692
CONX,3.2e-07
FLT,0
HDI,398.65591334
NBXC,2.29473711
GOLD,0
WETH,1527351466.8425338
WHT,475184759.89114344
SHIB,405825135.31682605
CNC,145094650.87813556
CUSDC,76503285.01508501
OKT,73138096.29733756
XRPUP,66150256.33238156
PDEX,62875876.19748482
CDAI,62272674.9090651
AKITA,61049324.11569706
ETH3L,53928373.49220303
ONG,34295159.8151684
VALUE,32119122.79465815
PLEX,31793449.84861287
LTCUP,31000791.45112196
ETH3S,29152606.57558581
ADABULL,27000092.15909183
BAG,25114849.21078485
BUNNY,23715838.5315684
XRPBULL,22846182.12928633
EPAN,22857263.20915167
BTC3L,20289371.62194436
YO,19559303.85600277
NBS,18886778.21570838
ETHUP,18856468.56955156
BOX,18697000.12263009
BNBUP,18462422.07307634
PEARL,18108848.66110115
ZCX,17758281.83131642
SXPUP,17841266.00922969
XTZUP,17710144.01073241
ERSDL,16972999.06033707
UBX,16537013.01970479
KINE,16333199.32303371
ADAUP,16255321.14082321
TRXUP,15839137.13294564
RAZE,15712871.85688119
XRPDOWN,15681743.77552996
BTCUP,15397816.01205949
SAFEMOON,14532918.85452724
PIKACHU,14433429.0832104
ALP,14519387.75962661
BETH,14115052.64064007
GCR,14023483.5580611
XLMUP,13417649.89141591
ETHBULL,13322676.76544307
FLY,13232669.68088106
FILUP,13110237.41943538
BITCI,12926416.12595099
LINKUP,12007782.04059869
BCHBULL,11925760.86441816
EOSBULL,11834740.65630051
COPS,11816923.23018678
CUSDT,11588378.76250673
COLL,11526280.06388261
ALCX,10716933.68735586
BAGS,10350014.81377789
DOTUP,10207356.18151615
BTC3S,9998608.05163579
HOO,9816160.04936769
DOGEBULL,9562662.72858
FILDA,9248424.77616055
NAME,9176437.44091965
AUDT,9086050.62111359
POODL,8867536.43232309
ROCKS,8454712.26233657
BULL,8409822.34591437
MCAN,8397092.10617211
CARDS,8306157.97252172
GAT,8131334.84781204
YFIUP,7826766.38155149
BTCDOWN,7517985.2788093
FNB,7502711.5796225
DMD,7149426.59246702
AAVEUP,6924033.99061415
wCRES,6659976.19960814
KOK,6409423.64695827
BEAR,6189282.97140107
OCC,6159633.88827593
BNBDOWN,6115652.17101447
SWAMP,6031363.05146446
TRXBULL,6014364.99107585
DUCK,5817556.96676433
DC,5758208.104936
VELO,5686621.74545772
FAIR,5569405.7946913
RAI,5439267.41345503
CELL,5269357.83952314
GMT,5215509.68295941
